open,close,previous_day_open
6114.85,6130.53,5754.44
5754.44,6153.85,5787.82
5787.82,5753.09,5899.74
5899.74,5780.9,5747.95
5747.95,5904.83,5524.6
5524.6,5750.8,5935.52
5935.52,5526.64,6006
6006,5930.32,6036.66
6036.66,6008.42,5996.79
5996.79,6031.6,5708.11
5708.11,6011.45,5583.74
5583.74,5708.52,5603.82
5603.82,5590.69,5741.58
5741.58,5605.51,5687.57
5687.57,5725.59,5835.96
5835.96,5678.19,5643.53
5643.53,5831.79,5464.16
5464.16,5647.21,4829.58
4829.58,5446.91,4789.25
4789.25,4826.48,4776.21
4776.21,4781.99,4614.52
4614.52,4772.02,4429.67
4429.67,4610.48,4369.35
4369.35,4426.89,4324.46
4324.46,4370.81,4229.88
4229.88,4328.41,4319.37
4319.37,4229.36,4408.46
4408.46,4317.48,4395.81
4395.81,4409.32,4341.05
4341.05,4403.74,4166.11
4166.11,4338.71,4171.62
4171.62,4163.07,4197.13
4197.13,4174.73,3892.94
3892.94,4200.67,3928.41
3928.41,3892.35,3681.58
3681.58,3926.07,3796.15
3796.15,3682.84,3629.92
3629.92,3792.4,3628.02
3628.02,3630.7,3901.47
3901.47,3631.04,3916.36
3916.36,3905.95,4073.79
4073.79,3924.97,3591.09
3591.09,4065.2,3606.28
3606.28,3582.88,3637.75
3637.75,3625.04,3166.3
3166.3,3637.52,3875.37
3875.37,3154.95,4131.98
4131.98,3882.59,4168.88
4168.88,4130.81,4122.47
4122.47,4161.27,4229.34
4229.34,4122.94,4229.81
4229.81,4226.06,4605.16
4605.16,4228.75,4589.14
4589.14,4599.88,4376.59
4376.59,4597.12,4228.29
4228.29,4376.53,4591.63
4591.63,4236.31,4585.27
4585.27,4582.96,4901.42
4901.42,4578.77,4701.76
4701.76,4892.01,4555.59
4555.59,4703.39,4570.36
4570.36,4565.3,4389.21
4389.21,4579.02,4384.45
4384.45,4382.66,4345.1
4345.1,4382.88,4372.06
4372.06,4352.4,4332.82
4332.82,4371.6,4137.6
4137.6,4334.68,4089.01
4089.01,4151.52,3998.35
3998.35,4100.52,4090.48
4090.48,4001.74,4189.31
4189.31,4087.66,4137.75
4137.75,4193.7,4324.34
4324.34,4160.62,4384.44
4384.44,4331.69,4200.34
4200.34,4376.63,4326.99
4326.99,4181.93,4066.1
4066.1,4325.13,3880.04
3880.04,4073.26,3650.63
3650.63,3884.71,3373.82
3373.82,3650.62,3341.84
3341.84,3381.28,3420.4
3420.4,3342.47,3370.22
3370.22,3419.94,3212.78
3212.78,3378.94,3257.61
3257.61,3213.94,2897.63
2897.63,3252.91,2806.93
2806.93,2895.89,2709.56
2709.56,2804.73,2727.13
2727.13,2710.67,2871.3
2871.3,2718.26,2763.24
2763.24,2875.34,2724.39
2724.39,2757.18,2807.02
2807.02,2726.45,2679.73
2679.73,2809.01,2538.71
2538.71,2671.78,2577.77
2577.77,2529.45,2757.5
2757.5,2576.48,2732.7
2732.7,2754.86,2808.1
2808.1,2730.4,2668.63
2668.63,2810.12,2838.41
2838.41,2667.76,2269.89
2269.89,2817.6,2323.08
2323.08,2273.43,2233.52
2233.52,2318.88,1932.62
1932.62,2228.41,1991.98
1991.98,1929.82,2230.12
2230.12,1998.86,2360.59
2360.59,2233.34,2402.7
2402.7,2357.9,2332.77
2332.77,2398.84,2385.89
2385.89,2337.79,2525.25
2525.25,2372.56,2572.61
2572.61,2518.44,2520.27
2520.27,2571.34,2608.59
2608.59,2518.66,2608.1
2608.1,2608.56,2602.87
2602.87,2601.99,2561
2561,2601.64,2498.56
2498.56,2564.06,2436.4
2436.4,2506.47,2492.6
2492.6,2434.55,2539.24
2539.24,2480.84,2567.56
2567.56,2539.32,2553.03
2553.03,2574.79,2478.45
2478.45,2552.45,2590.57
2590.57,2478.45,2607.25
2607.25,2589.41,2738.52
2738.52,2608.72,2707.34
2707.34,2744.91,2691.03
2691.03,2705.41,2709.43
2709.43,2689.1,2591.26
2591.26,2721.79,2549.03
2549.03,2589.6,2655.35
2655.35,2548.29,2514.01
2514.01,2655.88,2469.57
2469.57,2518.56,2499.58
2499.58,2464.58,2716.88
2716.88,2506.37,2680.91
2680.91,2717.02,2953.22
2953.22,2659.63,2942.41
2942.41,2958.11,2828.14
2828.14,2947.71,2807.44
2807.44,2823.81,2720.49
2720.49,2805.62,2869.38
2869.38,2732.16,2690.84
2690.84,2863.2,2512.4
2512.4,2686.81,2547.79
2547.79,2511.81,2493.72
2493.72,2515.35,2404.03
2404.03,2488.55,2288.33
2288.33,2407.88,2187.19
2187.19,2286.41,2255.36
2255.36,2175.47,2159.43
2159.43,2255.61,2054.08
2054.08,2155.8,2196.27
2196.27,2038.87,2320.89
2320.89,2202.42,2446.24
2446.24,2304.98,2321.37
2321.37,2443.64,2191.56
2191.56,2320.42,2043.19
2043.19,2173.4,2067.03
2067.03,2041.2,1984.24
1984.24,2084.73,1897.37
1897.37,1987.71,1818.7
1818.7,1888.65,1726.73
1726.73,1839.09,1741.7
1741.7,1734.45,1808.44
1808.44,1738.43,1800.86
1800.86,1808.91,1723.12
1723.12,1804.91,1845.76
1845.76,1724.24,1780.37
1780.37,1848.57,1756.52
1756.52,1787.13,1723.89
1723.89,1755.36,1596.92
1596.92,1723.35,1579.47
1579.47,1596.71,1556.81
1556.81,1578.8,1540.87
1540.87,1555.45,1490.72
1490.72,1537.67,1453.78
1453.78,1490.09,1421.03
1421.03,1452.82,1348.3
1348.3,1421.6,1321.87
1321.87,1347.89,1317.84
1317.84,1321.79,1317.74
1317.74,1316.48,1281.88
1281.88,1317.73,1265.99
1265.99,1281.08,1250.45
1250.45,1265.49,1209.63
1209.63,1250.15,1231.92
1231.92,1207.21,1222.71
1222.71,1231.71,1229.42
1229.42,1222.05,1211.08
1211.08,1229.08,1212.13
1212.13,1210.29,1193.77
1193.77,1211.67,1183.25
1183.25,1193.91,1172.61
1172.61,1182.94,1167.3
1167.3,1172.52,1170.33
1170.33,1167.54,1201.02
1201.02,1169.28,1204.81
1204.81,1200.37,1187.46
1187.46,1205.01,1187.3
1187.3,1187.13,1176.57
1176.57,1187.87,1172.65
1172.65,1175.95,1178.94
1178.94,1176.9,1125.81
1125.81,1182.68,1134.14
1134.14,1124.78,1145.52
1145.52,1133.25,1102.95
1102.95,1143.81,1080.61
1080.61,1102.17,1071.71
1071.71,1080.5,1026.64
1026.64,1071.79,1042.21
1042.21,1026.43,1046.08
1046.08,1039.97,1044.58
1044.58,1047.15,972.05
972.05,1045.77,974.01
974.01,966.73,936.54
936.54,972.78,1038.45
1038.45,937.52,1050.05
1050.05,1038.59,1120.65
1120.65,1049.14,1055.36
1055.36,1120.54,1037.24
1037.24,1054.23,976.73
976.73,1036.74,1099.69
1099.69,973.82,1180.16
1180.16,1100.23,1251.33
1251.33,1187.81,1240.16
1240.16,1249.61,1232.16
1232.16,1240,1221.78
1221.78,1231.92,1176.62
1176.62,1221.38,1116.32
1116.32,1175.83,1189.36
1189.36,1116.72,1150.35
1150.35,1188.49,1223.23
1223.23,1150,1273.21
1273.21,1223.54,1267.47
1267.47,1272.83,1254.29
1254.29,1267.12,1277.43
1277.43,1255.15,1250.71
1250.71,1274.99,1224.68
1224.68,1251.01,1180.04
1180.04,1222.5,1180.72
1180.72,1179.97,1163.78
1163.78,1179.97,1144.27
1144.27,1165.2,1170.41
1170.41,1143.84,1172.71
1172.71,1173.68,1117.27
1117.27,1166.72,1114.8
1114.8,1117.44,1079.28
1079.28,1115.3,1048.69
1048.69,1079.98,1054.76
1054.76,1047.87,1049.21
1049.21,1054.42,1026.12
1026.12,1046.21,1007.65
1007.65,1027.44,1006.21
1006.21,1007.48,991.74
991.74,1004.55,998.88
998.88,990.64,1003.52
1003.52,999.18,988.9
988.9,1004.45,995.63
995.63,988.67,1064.7
1064.7,994.38,1062.32
1062.32,1063.07,1040.14
1040.14,1061.35,1028.4
1028.4,1038.15,1043.52
1043.52,1027.34,1031.33
1031.33,1042.9,1011.46
1011.46,1029.91,990
990,1011.8,970.94
970.94,989.02,920.96
920.96,970.4,920.15
920.15,920.38,922.07
922.07,919.5,919.81
919.81,921.59,918.36
918.36,919.75,902.39
902.39,917.59,891.92
891.92,901.54,910.68
910.68,892.69,925.5
925.5,921.01,922.21
922.21,924.67,895.55
895.55,921.79,898.17
898.17,895.03,888.34
888.34,899.07,909.37
909.37,886.62,830.95
830.95,907.94,821.78
821.78,831.53,818.14
818.14,821.8,825.14
825.14,818.41,803.74
803.74,823.98,775.18
775.18,804.83,908.12
908.12,777.76,902.44
902.44,907.68,913.24
913.24,902.83,908.17
908.17,911.2,903.49
903.49,908.59,1014.24
1014.24,902.2,1156.73
1156.73,1013.38,1044.4
1044.4,1154.73,1021.6
1021.6,1043.84,998.62
998.62,1021.75,963.66
963.66,998.33,960.63
960.63,963.74,972.53
972.53,961.24,975.13
975.13,973.5,934.83
934.83,975.92,908.35
908.35,933.2,896.9
896.9,907.61,899.65
899.65,896.18,922.18
922.18,898.82,864.89
864.89,921.98,834.18
834.18,864.54,800.64
800.64,834.28,792.25
792.25,800.88,790.69
790.69,792.71,791.01
791.01,790.53,785.17
785.17,790.83,778.96
778.96,784.91,780.07
780.07,778.09,780
780,781.48,780.65
780.65,780.56,770.04
770.04,780.09,774.75
774.75,769.73,773.02
773.02,774.65,769.94
769.94,772.79,768.08
768.08,770.81,764.21
764.21,768.13,758.72
758.72,764.22,773.39
773.39,758.7,771.64
771.64,773.87,778.25
778.25,771.15,757.54
757.54,777.94,746.05
746.05,756.77,736.28
736.28,745.69,736.33
736.33,735.6,732.48
732.48,735.81,735.44
735.44,732.03,741.51
741.51,735.38,740.44
740.44,741.65,744.62
744.62,740.29,751.74
751.74,744.59,739.64
739.64,751.35,731.26
731.26,739.25,751.88
751.88,731.03,751.83
751.83,751.62,740.71
740.71,751.59,744.88
744.88,740.98,711.17
711.17,744.2,705.79
705.79,711.62,702
702,705.02,705.2
705.2,702.03,716.75
716.75,705.05,715.55
715.55,716.41,722.84
722.84,715.53,709.83
709.83,723.27,703.09
703.09,709.85,710.74
710.74,703.13,703.81
703.81,711.52,703.52
703.52,703.42,689.12
689.12,703.24,742.35
742.35,688.7,730.07
730.07,740.83,701.34
701.34,729.79,702.64
702.64,700.97,714.12
714.12,701.86,690.29
690.29,714.48,688
688,689.65,678.21
678.21,688.31,657.68
657.68,678.3,654
654,657.59,657.16
657.16,653.76,657.62
657.62,657.07,633.14
633.14,657.29,630.83
630.83,632.83,630.66
630.66,630.86,638.13
638.13,630.52,639.41
639.41,637.96,641.82
641.82,639.19,639.08
639.08,641.63,640.31
640.31,638.65,637.01
637.01,640.38,636.03
636.03,636.79,640.87
640.87,636.19,619.24
619.24,641.07,616.82
616.82,618.99,619.17
619.17,616.75,617.34
617.34,619.11,612.61
612.61,617.12,612.47
612.47,613.02,610.22
610.22,612.51,612.05
612.05,610.2,610.97
610.97,612.13,613.95
613.95,610.89,609.93
609.93,613.98,605.72
605.72,609.74,605.02
605.02,605.69,606.24
606.24,604.73,608.02
608.02,606.17,600.81
600.81,608.04,602.75
602.75,600.83,602.96
602.96,602.63,596.2
596.2,602.84,597.28
597.28,596.3,603.59
603.59,597.15,609.25
609.25,608.31,609.87
609.87,609.23,606.28
606.28,609.87,607.22
607.22,605.98,607.25
607.25,606.97,610.59
610.59,607.15,608.84
608.84,610.68,608.02
608.02,609.24,607
607,608.24,623.42
623.42,606.72,622.93
622.93,623.51,626.35
626.35,622.86,614.63
614.63,626.32,610.57
610.57,614.54,606.51
606.51,610.44,608.99
608.99,606.59,598.59
598.59,608.63,575.55
575.55,598.21,572.41
572.41,575.54,575.55
575.55,572.3,577.59
577.59,575.47,574.11
574.11,577.5,574.07
574.07,574.11,569.83
569.83,573.91,579.45
579.45,569.95,577.75
577.75,579.65,580.18
580.18,577.76,583.41
583.41,580.18,586.77
586.77,583.41,581.31
581.31,586.75,581.94
581.94,581.31,576.08
576.08,581.7,574.34
574.34,575.63,573.71
573.71,574.32,577.76
577.76,573.22,567.24
567.24,577.44,570.49
570.49,567.24,585.59
585.59,570.47,587.36
587.36,585.59,588.8
588.8,587.56,592.12
592.12,589.12,587.65
587.65,592.1,591.04
591.04,587.8,592.74
592.74,591.05,587.77
587.77,592.69,575.03
575.03,587.78,578.28
578.28,575.04,566.33
566.33,578.29,548.66
548.66,566.36,606.4
606.4,547.47,624.6
624.6,606.27,655.1
655.1,624.68,657.01
657.01,655.05,655.11
655.11,656.99,654.49
654.49,655.03,651.63
651.63,654.35,654.23
654.23,651.78,661.26
661.26,654.1,655.41
655.41,661.28,650.73
650.73,655.56,664.92
664.92,650.62,665.23
665.23,665.01,672.81
672.81,665.68,672.74
672.74,672.86,679.81
679.81,673.11,661.99
661.99,679.46,663.78
663.78,660.77,659.17
659.17,663.25,652.92
652.92,658.08,664.8
664.8,654.47,648.28
648.28,664.55,648.48
648.48,647.66,650.6
650.6,649.36,666.38
666.38,650.96,640.69
640.69,666.52,678.09
678.09,640.56,670.42
670.42,677.33,683.21
683.21,670.63,658.8
658.8,683.66,704.97
704.97,658.66,676.73
676.73,703.7,672.51
672.51,676.3,640.59
640.59,673.34,644.12
644.12,639.89,658.1
658.1,647,629.35
629.35,655.27,665.93
665.93,629.37,665.28
665.28,665.12,625.58
625.58,665.3,597.44
597.44,623.98,665.91
665.91,596.12,735.88
735.88,666.65,763.93
763.93,737.23,756.69
756.69,763.78,748.76
748.76,756.23,768.49
768.49,748.91,696.52
696.52,766.31,685.68
685.68,694.47,704.5
704.5,685.56,671.65
671.65,704.38,609.68
609.68,672.78,578.67
578.67,606.73,575.84
575.84,577.47,582.2
582.2,574.63,577.17
577.17,581.64,585.45
585.45,576.6,574.6
574.6,585.54,573.31
573.31,574.98,569.71
569.71,572.73,537.68
537.68,569.19,536.51
536.51,537.97,531.11
531.11,536.92,534.19
534.19,531.39,528.47
528.47,533.86,527.48
527.48,526.23,473.03
473.03,530.04,453.52
453.52,473.46,449.67
449.67,453.38,446.06
446.06,449.6,444.29
444.29,445.98,439.35
439.35,444.15,443.22
443.22,439.32,442.97
442.97,443.19,437.79
437.79,442.68,454.52
454.52,438.71,453.69
453.69,454.62,454.01
454.01,453.78,457.59
457.59,454.16,455.76
455.76,457.57,455.82
455.82,455.67,454.85
454.85,455.67,452.45
452.45,454.77,450.86
450.86,452.73,460.52
460.52,450.89,458.21
458.21,460.48,458.43
458.43,458.55,459.64
459.64,458.54,447.94
447.94,459.6,446.71
446.71,447.98,450.18
450.18,446.72,444.73
444.73,450.3,451.93
451.93,444.67,448.48
448.48,451.88,455.18
455.18,448.32,449.41
449.41,455.1,445.04
445.04,449.01,466.26
466.26,444.69,461.65
461.65,466.09,459.12
459.12,461.43,450.56
450.56,458.56,445.86
445.86,450.28,449.69
449.69,445.74,441.42
441.42,449.43,435.32
435.32,441.39,428.7
428.7,435.51,427.61
427.61,428.59,430.64
430.64,427.4,429.57
429.57,430.57,424.43
424.43,429.71,423.94
423.94,424.28,425.63
425.63,423.73,422.84
422.84,425.19,421.87
421.87,422.48,419.59
419.59,421.56,420.81
420.81,419.41,422.91
422.91,420.35,423.62
423.62,422.75,424.28
424.28,423.41,421.02
421.02,424.03,421.3
421.3,421.44,421.17
421.17,420.9,418.42
418.42,420.87,416.76
416.76,417.96,415.26
415.26,416.73,416.83
416.83,414.82,424.3
424.3,416.52,426.55
426.55,424.23,418.14
418.14,426.76,417.37
417.37,417.94,416.51
416.51,417.18,418.42
418.42,416.39,418.16
418.16,418.04,413.13
413.13,418.09,413.42
413.42,413.31,410.4
410.4,413.75,409.26
409.26,410.44,420.55
420.55,409.55,417.89
417.89,420.62,416.89
416.89,417.01,416.39
416.39,416.83,414.2
414.2,416.44,411.65
411.65,414.06,421.61
421.61,411.62,417.24
417.24,421.69,414.74
414.74,417.13,413.89
413.89,414.86,414.46
414.46,413.97,407.76
407.76,414.32,400.52
400.52,407.71,410.78
410.78,400.57,421.84
421.84,410.94,423.91
423.91,421.65,435.13
435.13,423.99,437.92
437.92,435.12,433.44
433.44,437.7,432.57
432.57,433.5,432.84
432.84,432.52,424.63
424.63,432.15,425.04
425.04,424.54,420.96
420.96,424.95,438.25
438.25,420.74,438.99
438.99,437.75,437.77
437.77,438.8,421.6
421.6,437.16,422.73
422.73,420.79,416.57
416.57,422.37,407.66
407.66,416.32,401.43
401.43,407.49,407.57
407.57,400.19,392.93
392.93,407.23,384.64
384.64,391.86,379.69
379.69,384.26,382.11
382.11,379.65,376.15
376.15,381.65,373.42
373.42,376.03,376.76
376.76,373.45,376.51
376.51,376.62,386.59
386.59,376.52,388.9
388.9,386.55,370.17
370.17,389.59,374.65
374.65,369.95,372.92
372.92,374.45,369.35
369.35,373.06,378.29
378.29,368.77,378.87
378.87,378.25,380.11
380.11,379.47,395.15
395.15,380.29,392.44
392.44,394.97,392
392,392.15,402.32
402.32,391.73,388.1
388.1,402.97,382.43
382.43,387.49,409.75
409.75,382.49,419.63
419.63,410.26,379.74
379.74,420.23,387.03
387.03,380.15,381.73
381.73,387.17,387.15
387.15,382.3,365.07
365.07,387.54,430.25
430.25,364.33,432.29
432.29,430.31,434.67
434.67,432.37,448.18
448.18,435.69,448.7
448.7,448.43,448.24
448.24,447.99,453.38
453.38,447.61,457.54
457.54,453.23,430.01
430.01,458.05,431.86
431.86,429.11,433.07
433.07,431.96,430.06
430.06,433.09,433.58
433.58,430.01,434.62
434.62,433.44,430.72
430.72,434.33,425.88
425.88,430.57,433.3
433.3,426.62,422.1
422.1,432.98,423.34
423.34,422.28,416.51
416.51,422.82,455.76
455.76,417.27,454.86
454.86,455.65,443.09
443.09,454.99,436.72
436.72,442.4,437.44
437.44,436.57,442.84
442.84,438.64,462.23
462.23,442.69,463.55
463.55,462.32,455.85
455.85,463.62,454.78
454.78,456.08,465.21
465.21,454.93,443.88
443.88,465.32,433.27
433.27,444.18,431.66
431.66,433.75,452.33
452.33,435,415.28
415.28,451.94,417.99
417.99,415.48,414.44
414.44,417.56,395.75
395.75,415.56,389.98
389.98,395.54,389.56
389.56,388.78,363.72
363.72,388.95,361.26
361.26,363.18,359.33
359.33,361.05,361.85
361.85,359.19,377.41
377.41,362.49,371.44
371.44,377.32,357.47
357.47,371.29,357.14
357.14,357.38,351.86
351.86,358.04,328.3
328.3,352.68,320.05
320.05,328.21,323.01
323.01,320.05,324.35
324.35,323.05,326.98
326.98,324.54,322.09
322.09,326.93,326.41
326.41,322.02,334.68
334.68,326.15,334.59
334.59,334.59,330.36
330.36,335.09,319.74
319.74,330.75,333.05
333.05,320.17,336.62
336.62,332.91,338.5
338.5,336.75,314.08
314.08,338.15,339.82
339.82,311.08,379.98
379.98,336.82,374.32
374.32,380.26,384.28
384.28,373.37,374.27
374.27,386.48,388.05
388.05,374.47,408.08
408.08,386.35,403.66
403.66,411.56,361.87
361.87,403.42,325.94
325.94,361.19,315
315,325.43,328.51
328.51,314.17,313.94
313.94,328.01,304.32
304.32,313.86,293.7
293.7,304.62,285.18
285.18,293.79,283.63
283.63,285.3,281.44
281.44,283.68,276.5
276.5,281.65,273.65
273.65,276.5,266.5
266.5,274.02,269.31
269.31,266.27,263.57
263.57,269.46,261.86
261.86,263.44,270.91
270.91,261.64,262.75
262.75,270.64,254.3
254.3,262.87,252.11
252.11,254.32,249.49
249.49,251.99,245.2
245.2,249.51,246.88
246.88,245.31,244.74
244.74,247.05,243.74
243.74,244.94,242.5
242.5,243.93,243.07
243.07,242.3,246.17
246.17,242.97,240.36
240.36,246.06,238.15
238.15,240.38,238.53
238.53,238.26,237.2
237.2,238.73,237.26
237.26,237.29,236
236,237.55,236.64
236.64,236.06,239.02
239.02,236.69,232.84
232.84,239.14,234.14
234.14,232.76,235.08
235.08,234.34,234.36
234.36,235.14,230.36
230.36,234.53,230.94
230.94,230.28,226.97
226.97,230.62,231.22
231.22,227.09,231.4
231.4,231.21,232.86
232.86,231.49,233.52
233.52,232.97,229.08
229.08,229.81,230.25
230.25,229.09,230.49
230.49,230.3,230.61
230.61,230.64,235.24
235.24,230.51,239.85
239.85,235.23,238.33
238.33,240.11,238.34
238.34,238.48,243.41
243.41,238.17,239.85
239.85,243.61,239.93
239.93,239.85,234.87
234.87,239.84,230.2
230.2,235.02,227.22
227.22,230.3,229.32
229.32,227.18,228.03
228.03,229.28,230.26
230.26,228.12,229.11
229.11,230.06,229.9
229.9,228.76,231.55
231.55,229.78,224.7
224.7,231.4,226.05
226.05,224.77,222.08
222.08,225.83,210.07
210.07,221.61,228.11
228.11,210.5,230.38
230.38,228.17,232.66
232.66,230.39,235.35
235.35,232.57,226.9
226.9,235.35,225.67
225.67,226.68,257.93
257.93,211.08,258.49
258.49,257.98,261.87
261.87,258.51,265.53
265.53,261.55,264.13
264.13,265.68,266.18
266.18,264.08,270.6
270.6,266.38,264.34
264.34,270.39,265.48
265.48,264.47,261.12
261.12,265.08,279.74
279.74,261,278.74
278.74,279.58,281.91
281.91,278.58,284.85
284.85,281.88,281.23
281.23,285.22,282.81
282.81,281.23,280.45
280.45,282.61,284.69
284.69,281.6,287.7
287.7,284.65,289.1
289.1,287.72,294.48
294.48,289.59,293.63
293.63,294.43,292.64
292.64,293.62,288.64
288.64,292.69,288.16
288.16,288.7,276
276,288.28,277.34
277.34,276.05,275.66
275.66,277.22,278.88
278.88,275.83,273.5
273.5,278.98,274.77
274.77,273.61,279.33
279.33,274.9,278.09
278.09,279.47,286.04
286.04,278.09,288.05
288.05,285.83,292.03
292.03,287.46,310.83
310.83,292.05,293.14
293.14,310.87,284.88
284.88,293.12,269.16
269.16,284.89,270.83
270.83,269.23,265.98
265.98,270.79,269.96
269.96,266.21,271.11
271.11,269.03,260.81
260.81,271.91,256.49
256.49,260.89,255.46
255.46,256.34,258.55
258.55,255.41,263.35
263.35,258.62,257.04
257.04,263.07,248.72
248.72,257.06,250.96
250.96,249.01,243.55
243.55,250.99,242.6
242.6,243.59,240.37
240.37,242.8,244.28
244.28,240.51,246.93
246.93,244.3,243.97
243.97,246.99,245.1
245.1,243.94,244.53
244.53,245.21,249.04
249.04,244.61,249.43
249.43,249.01,250.82
250.82,249.28,236.76
236.76,250.9,233.42
233.42,236.82,232.44
232.44,233.54,229.92
229.92,232.4,229.71
229.71,229.98,228.85
228.85,229.71,229
229,228.8,228.54
228.54,229.05,222.88
222.88,228.49,225.6
225.6,222.88,225
225,225.62,224.15
224.15,224.95,225.77
225.77,224.32,225.74
225.74,225.87,222.89
222.89,225.8,230.23
230.23,222.93,233.13
233.13,230.19,237.09
237.09,233.34,237.38
237.38,237.1,237.26
237.26,237.41,237.06
237.06,237.28,237.1
237.1,237.12,240.93
240.93,237.11,238.98
238.98,240.95,240.29
240.29,238.87,235.32
235.32,240.35,234.02
234.02,235.34,231.89
231.89,234.02,233.04
233.04,231.95,236.89
236.89,233.13,236.01
236.01,236.8,237.64
237.64,236.15,236.96
236.96,237.6,236.21
236.21,236.93,241.4
241.4,236.38,242.15
242.15,241.11,240.3
240.3,242.16,241.73
241.73,240.3,243.77
243.77,241.83,237.2
237.2,243.86,229.66
229.66,237.33,236.25
236.25,229.78,238.85
238.85,236.12,240.36
240.36,239.02,234.88
234.88,240.36,232.34
232.34,234.93,235.94
235.94,232.08,225.69
225.69,236.15,225.59
225.59,225.81,228.97
228.97,225.85,219.43
219.43,229.29,226.41
226.41,219.43,231.24
231.24,226.39,235.97
235.97,231.27,234.05
234.05,236.46,235.6
235.6,234.18,224.62
224.62,235.27,222.61
222.61,224.63,223.46
223.46,222.6,222.85
222.85,223.36,228.57
228.57,222.88,223.92
223.92,228.57,219.07
219.07,223.83,224.76
224.76,219.16,235.95
235.95,224.59,236.53
236.53,236.15,236.02
236.02,236.55,243.69
243.69,236.07,244.75
244.75,243.68,253.06
253.06,245.02,255.27
255.27,253.18,260.72
260.72,255.49,253.76
253.76,260.6,254.29
254.29,253.7,253.07
253.07,254.32,247.09
247.09,253,244.22
244.22,247.27,247.45
247.45,244.22,242.88
242.88,247.53,252.74
252.74,242.71,246.97
246.97,252.8,248.57
248.57,247.03,246.28
246.28,248.53,247.47
247.47,246.2,266.58
266.58,245.59,267.89
267.89,266.74,259.92
259.92,267.96,261.64
261.64,260.02,260.96
260.96,261.75,255.88
255.88,260.93,285.07
285.07,256.3,290.6
290.6,285.5,285.69
285.69,290.59,281.43
281.43,286.39,284.44
284.44,281.88,294.12
294.12,285.34,296.13
296.13,294.35,291.52
291.52,296.38,289.86
289.86,291.76,274.81
274.81,289.61,276.43
276.43,274.35,272.29
272.29,276.26,275.6
275.6,272.72,272.74
272.74,276.18,281.99
281.99,273.09,275.05
275.05,281.7,260.36
260.36,275.67,254.28
254.28,260.2,253.52
253.52,254.26,236.44
236.44,253.83,237.34
237.34,236.43,238.89
238.89,237.47,239
239,238.74,236
236,238.89,244.54
244.54,235.98,243.75
243.75,244.53,240.25
240.25,243.78,236.41
236.41,240.28,243.78
243.78,236.33,233.42
233.42,243.61,234.82
234.82,233.84,257.51
257.51,234.82,235.53
235.53,257.32,221.97
221.97,235.43,219.21
219.21,221.76,219.73
219.73,219.19,220.28
220.28,219.84,223.39
223.39,220.11,227.69
227.69,223.41,222.63
222.63,227.75,216.92
216.92,222.27,227.66
227.66,217.11,227.51
227.51,226.85,237.45
237.45,227.27,226.49
226.49,238.23,216.87
216.87,226.97,226.44
226.44,217.46,232.77
232.77,226.43,233.35
233.35,233.51,263.35
263.35,233.91,273.17
273.17,263.48,254.08
254.08,273.47,247.35
247.35,253.72,232.7
232.7,247.85,233.52
233.52,232.88,227.32
227.32,233.41,211.38
211.38,226.9,212.91
212.91,211.31,211.47
211.47,214.86,200.05
200.05,210.34,207.83
207.83,199.26,209.07
209.07,208.1,176.9
176.9,209.84,223.89
223.89,178.1,267.39
267.39,225.86,266.15
266.15,267.8,274.61
274.61,265.66,287.3
287.3,274.8,282.38
282.38,290.41,294.13
294.13,283.35,286.08
286.08,294.34,274.61
274.61,286.19,265.08
265.08,274.47,281.15
281.15,264.19,314.85
314.85,281.08,314.08
314.08,315.03,320.44
320.44,314.25,310.91
310.91,320.19,312.72
312.72,310.74,317.7
317.7,312.67,316.16
316.16,317.24,327.58
327.58,315.86,319.15
319.15,327.92,322.29
322.29,319.01,334.38
334.38,322.53,332.02
332.02,334.57,321.07
321.07,331.89,329.54
329.54,320.84,317.62
317.62,329.96,311.18
311.18,317.84,319.79
319.79,311.4,326.86
326.86,319.78,345.67
345.67,327.06,351.36
351.36,345.35,346.73
346.73,351.63,352.38
352.38,347.38,350.83
350.83,352.54,344.34
344.34,350.51,352.2
352.2,346.37,361.89
361.89,352.22,374.96
374.96,361.91,374.84
374.84,375.1,376.76
376.76,374.79,369.44
369.44,376.85,375.72
375.72,369.6,381.72
381.72,375.01,379.25
379.25,381.31,378.25
378.25,379.25,375.51
375.51,378.05,376.15
376.15,375.49,369.37
369.37,376.45,370.5
370.5,369.67,376.02
376.02,368.37,376.89
376.89,375.35,366.95
366.95,376.9,353.18
353.18,367.57,351.6
351.6,352.92,357.88
357.88,350.85,380.31
380.31,357.84,373.9
373.9,380.56,387.79
387.79,375.2,388.35
388.35,387.41,374.73
374.73,387.88,399.65
399.65,376.13,418.42
418.42,397.82,427.27
427.27,420.74,367.99
367.99,423.56,365.86
365.86,367.69,362.26
362.26,366.92,345.38
345.38,363.26,342.15
342.15,345.49,349.82
349.82,342.42,339.46
339.46,349.29,330.68
330.68,339.49,327.16
327.16,330.49,325.57
325.57,327.55,326.07
326.07,325.89,338.65
338.65,325.75,345.01
345.01,338.32,335.71
335.71,345.31,357.09
357.09,335.59,353.21
353.21,357.62,354.78
354.78,352.99,347.49
347.49,354.7,358.61
358.61,347.27,358.59
358.59,358.35,382.96
382.96,358.42,386.12
386.12,383.16,382.42
382.42,386.48,389.23
389.23,382.85,391.25
391.25,389.55,383.98
383.98,391.44,382.76
382.76,383.76,394.52
394.52,382.56,400.95
400.95,394.77,391.69
391.69,400.87,377.92
377.92,390.41,362.61
362.61,378.55,361.36
361.36,362.3,364.69
364.69,361.56,352.75
352.75,365.03,336.12
336.12,352.94,330.58
330.58,336.19,320.39
320.39,330.08,328.92
328.92,320.51,359.89
359.89,328.87,375.18
375.18,359.51,383.99
383.99,375.07,387.43
387.43,383.62,376.09
376.09,386.94,376.93
376.93,375.47,399.47
399.47,377.18,403.56
403.56,399.52,411.43
411.43,404.43,423.16
423.16,411.57,435.75
435.75,423.2,402.09
402.09,435.79,399.1
399.1,402.15,408.08
408.08,398.82,394.67
394.67,408.9,424.1
424.1,394.8,456.86
456.86,424.44,465.86
465.86,457.33,474.86
474.86,466.06,477.76
477.76,475.37,479.12
479.12,477.89,477.79
477.79,479,479.58
479.58,477.75,479.62
479.62,479.75,475.48
475.48,479.36,474.88
474.88,475.26,481.81
481.81,474.6,485.13
485.13,482.28,483.34
483.34,484.83,489.67
489.67,483.34,477.68
477.68,489.66,476.87
476.87,477.59,474.48
474.48,477.43,477.79
477.79,474.88,502.9
502.9,477.76,508.59
508.59,504.25,508.43
508.43,508.52,510.88
510.88,507.81,512.19
512.19,511.15,502.54
502.54,511.57,508.22
508.22,502.5,498.29
498.29,508.29,513.39
513.39,498.07,517.58
517.58,514.04,510.45
510.45,517.24,485.07
485.07,511.98,461.48
461.48,485.25,491.51
491.51,461.46,519.14
519.14,491.8,497.83
497.83,519.71,511.14
511.14,497.01,546.18
546.18,505.97,570.38
570.38,546.66,576.51
576.51,569.64,591.28
591.28,576.37,589.17
589.17,591.06,592.47
592.47,589.37,588.88
588.88,592.58,584.65
584.65,588.87,585.95
585.95,584.65,589.01
589.01,585.44,586.23
586.23,588.78,588.89
588.89,586.67,594.9
594.9,589.33,586.2
586.2,594.92,567.37
567.37,586.24,584.74
584.74,567.29,585.55
585.55,584.73,594.14
594.14,585.69,595.67
595.67,593.85,601.54
601.54,595.81,601.51
601.51,601.09,619.5
619.5,601.73,621.12
621.12,619.41,622.27
622.27,621.55,623.95
623.95,622.21,628.56
628.56,623.9,629.17
629.17,628.51,622.37
622.37,628.78,616.54
616.54,623.09,622.01
622.01,616.8,620
620,621.59,626.56
626.56,619.32,634.22
634.22,626.5,631.88
631.88,633.71,616.66
616.66,632,624.83
624.83,616.76,625.22
625.22,624.51,622.57
622.57,624.82,635.46
635.46,624.09,631.77
631.77,635.81,629.95
629.95,631.46,644.65
644.65,630.69,650.77
650.77,645.16,641.04
641.04,650.88,641.39
641.39,640.81,602.62
602.62,639.8,596.33
596.33,602.72,599.08
599.08,596.55,581.3
581.3,597.26,566.14
566.14,581.14,581.81
581.81,566.34,593.97
593.97,582.36,602.16
602.16,593.98,595.9
595.9,602.27,593.68
593.68,594.99,597.4
597.4,594.15,608.07
608.07,598.07,609.77
609.77,607.96,591.59
591.59,610.86,592.65
592.65,592.19,575.93
575.93,592.94,600.75
600.75,577.36,585.7
585.7,600.16,633.43
633.43,586.95,653.19
653.19,633.02,650.04
650.04,653.15,655.64
655.64,649.16,654.99
654.99,656.14,653.52
653.52,654.97,659.28
659.28,653.7,641.07
641.07,659.26,666.77
666.77,641.61,660.55
660.55,667.61,629.64
629.64,660.62,623.69
623.69,630.23,615.69
615.69,623.68,568.18
568.18,615.33,576.33
576.33,568.18,571.91
571.91,577.06,582.59
582.59,571.24,571.39
571.39,583.42,525.23
525.23,571.59,521.05
521.05,525.14,525.72
525.72,520.22,492.05
492.05,524.58,485.8
485.8,491.77,446.31
446.31,485.72,446.08
446.08,446.18,448.7
448.7,446.26,448.12
448.12,448.9,447.39
447.39,448.06,444.14
444.14,447.25,440.59
440.59,443.97,441.53
441.53,440.67,438.3
438.3,441.46,453.92
453.92,438.89,450.46
450.46,454.43,440.18
440.18,449.46,438.68
438.68,440.17,429.34
429.34,438.82,433.36
433.36,428.96,434.78
434.78,433.48,438.52
438.52,436.4,449.4
449.4,437.76,457.36
457.36,449.38,447.63
447.63,457.76,446.89
446.89,447.64,439.98
439.98,447.21,430.72
430.72,440.29,457.24
457.24,436.39,461.7
461.7,458.6,500.09
500.09,461.45,490.82
490.82,500.46,488.36
488.36,491.3,495.45
495.45,487.92,497.74
497.74,495.77,501.75
501.75,498.17,479.58
479.58,501.56,495.8
495.8,479.64,529.07
529.07,495.96,522.18
522.18,527.39,458.37
458.37,515.59,414.83
414.83,458.79,421.46
421.46,414.06,420.89
420.89,421.12,363.71
363.71,420.95,442.26
442.26,365.18,453.18
453.18,442.73,447.61
447.61,453.09,461.47
461.47,449.42,463.4
463.4,460.5,446.68
446.68,461.91,445.66
445.66,447.53,436.44
436.44,444.72,479.14
479.14,437.14,457
457,478.38,462.3
462.3,457,492.37
492.37,460.27,501.71
501.71,491.17,477.14
477.14,495.67,580.26
580.26,471.24,583.48
583.48,580.83,585.03
585.03,583.92,562.51
562.51,583.41,565.76
565.76,561.27,571.18
571.18,565.04,588.29
588.29,571.49,609.75
609.75,588.77,613.9
613.9,609.89,621.84
621.84,614.83,630.92
630.92,622.37,636.5
636.5,631.11,629.37
629.37,636.12,638.14
638.14,628.8,633.62
633.62,638.14,631.91
631.91,632.1,627.95
627.95,634.11,636.33
636.33,627.79,616.31
616.31,636.96,629.66
629.66,617.45,664.31
664.31,629.15,664.52
664.52,663.86,666.24
666.24,665.51,668.24
668.24,666.78,562.56
562.56,667.76,567.23
567.23,559.79,549.92
549.92,565.61,579.7
579.7,549.26,581.65
581.65,578.77,537.04
537.04,582.69,540.24
540.24,538.71,606.04
606.04,546.32,606.47
606.47,605.82,574.24
574.24,605.42,556.88
556.88,574.16,623.09
623.09,556.14,625.97
625.97,623.03,627.16
627.16,626.6,614.23
614.23,626.27,651.3
651.3,616.63,660.9
660.9,650.92,601.17
601.17,661.99,651.08
651.08,605.24,672.38
672.38,651.72,683.5
683.5,672.17,681.32
681.32,681.03,671.46
671.46,682.9,699.57
699.57,673.92,783.2
783.2,712.4,815.59
815.59,781.55,829.96
829.96,811.91,823.77
823.77,827.96,824.08
824.08,823.83,832.9
832.9,825.37,828.61
828.61,832.58,818.43
818.43,829.92,826.02
826.02,819.03,809.96
809.96,826,774.02
774.02,812.51,884.6
884.6,771.39,853.68
853.68,885.28,796.24
796.24,853.61,822.43
822.43,797.07,845.46
845.46,822.04,867.21
867.21,845.59,869.65
869.65,863.91,871.39
871.39,870.2,839.66
839.66,870.96,816.07
816.07,840,834.49
834.49,814.64,860.29
860.29,835.63,833.12
833.12,860.9,843.17
843.17,833.27,860.19
860.19,841.2,919.6
919.6,863.22,867.32
867.32,913.95,846.69
846.69,868.48,841.47
841.47,846.86,795.99
795.99,842.72,946.49
946.49,802,936.05
936.05,953.29,858.55
858.55,933.53,823.27
823.27,859.51,802.85
802.85,818.72,773.44
773.44,802.39,754.97
754.97,771.4,760.32
760.32,754.01,741.35
741.35,756.13,728.05
728.05,745.05,737.98
737.98,727.83,763.28
763.28,735.07,683.94
683.94,761.98,666.31
666.31,682.21,672.36
672.36,665.58,613.06
613.06,673.41,601.78
601.78,617.18,619.9
619.9,605.66,694.22
694.22,625.32,519.06
519.06,691.96,678.2
678.2,522.7,706.37
706.37,682.12,880.33
880.33,705.97,875.29
875.29,876.12,899.85
899.85,872.6,874.98
874.98,892.58,882.78
882.78,873.26,989.07
989.07,878.48,892.32
892.32,988.51,793.8
793.8,893.19,697.31
697.31,795.87,835.32
835.32,698.23,1042.38
1042.38,829.45,1152.73
1152.73,1045.11,1077.58
1077.58,1151.17,1046.4
1046.4,1078.28,951.42
951.42,1043.33,1128.92
1128.92,955.85,1129.37
1129.37,1129.43,1042.01
1042.01,1131.97,1003.38
1003.38,1031.95,923.85
923.85,1001.96,805.73
805.73,928.1,773.02
773.02,799.11,795.63
795.63,774.25,771.7
771.7,797.82,724.07
724.07,771.44,594.32
594.32,722.43,577.98
577.98,590.83,712.76
712.76,584.61,496.58
496.58,703.56,440.96
440.96,492.11,417.28
417.28,440.22,419.41
419.41,417.95,406.41
406.41,420.2,360.97
360.97,407.37,343.06
343.06,360.33,325.41
325.41,342.44,348.82
348.82,326.62,338.58
338.58,339.11,297.85
297.85,338.11,261.68
261.68,296.41,244.78
244.78,262.5,229.21
229.21,245.24,214.66
214.66,229.1,205.99
205.99,215.05,205.81
205.81,206.22,203.9
203.9,206.18,199.83
199.83,204,204.39
204.39,199.97,198.55
198.55,204.39,196.21
196.21,198.55,176.6
176.6,196.44,187.45
187.45,177.32,197.69
197.69,186.69,214.3
214.3,198.23,193.36
193.36,213.62,182.65
182.65,193.76,174.8
174.8,182.21,171.66
171.66,174.61,155.91
155.91,172.42,146.37
146.37,155.96,142.41
142.41,146.25,145.65
145.65,142.55,140.77
140.77,145.24,139.27
139.27,140.52,135.19
135.19,138.13,130.9
130.9,135.19,130.75
130.75,130.9,130.67
130.67,130.59,125.85
125.85,130.69,126.74
126.74,126,129.43
129.43,126.94,128.36
128.36,129,128.63
128.63,128.55,123.41
123.41,129.01,114.45
114.45,123.63,132.05
132.05,114.13,132.68
132.68,132.18,137.15
137.15,133,134.9
134.9,137.34,133.77
133.77,134.78,128.94
128.94,133.78,128.21
128.21,128.38,127.38
127.38,128.22,126.05
126.05,127.25,128.98
128.98,125.95,127.87
127.87,129.12,126.95
126.95,127.43,129.7
129.7,127.04,131.37
131.37,129.65,131.71
131.71,131.47,131.59
131.59,131.66,130.86
130.86,131.72,129.4
129.4,130.37,135.01
135.01,129.22,132.83
132.83,134.98,135.55
135.55,133.13,125.89
125.89,135.25,127.27
127.27,125.91,121.86
121.86,127.11,124.13
124.13,121.66,118.89
118.89,124.15,126.49
126.49,119.15,126.76
126.76,126.43,136.53
136.53,126.74,135.61
135.61,136.77,138.63
138.63,135.85,135.14
135.14,138.34,133.09
133.09,135.35,122.35
122.35,133.49,122.62
122.62,122.39,126.48
126.48,122.62,120.07
120.07,126.5,122.11
122.11,120.06,119.6
119.6,122.11,118.51
118.51,120.05,122
122,118.5,123.3
123.3,121.15,121.21
121.21,123.3,119
119,121.2,113.38
113.38,119,112.75
112.75,113.5,108.99
108.99,113.5,110
110,108.99,112.56
112.56,109.99,109.56
109.56,112.56,106.99
106.99,109,105
105,106.64,103
103,105,102.8
102.8,103,103.07
103.07,102.8,106.75
106.75,103,106.75
106.75,106.75,106.72
106.72,106.75,105.12
105.12,106.22,104.95
104.95,105.14,104.5
104.5,104,104.86
104.86,104.5,106.21
106.21,104,107.95
107.95,106.09,101.49
101.49,107.99,98.6
98.6,101.2,94.4
94.4,99.76,96.02
96.02,94.12,96.95
96.95,96.02,94.5
94.5,96.9,95.56
95.56,94.51,91.6
91.6,95.56,92
92,91.61,89.82
89.82,90.76,92
92,89.39,90.07
90.07,92.17,98.5
98.5,90.58,96.71
96.71,98.5,98.89
98.89,97.45,93.61
93.61,98.4,98.7
98.7,94.69,93.99
93.99,98.13,88.98
88.98,93.59,88
88,88.98,76.72
76.72,86.76,76
76,76.69,76.5
76.5,76.52,68.75
68.75,74.56,68.5
68.5,70.28,79.99
79.99,68.43,78.89
78.89,80.53,90.41
90.41,77.53,88.05
88.05,90.13,97.51
97.51,88.05,95
95,96.61,94.66
94.66,94.99,101.74
101.74,94.65,104
104,101.44,103.33
103.33,104,102.09
102.09,103.95,107.9
107.9,102.74,108.2
108.2,107.6,109.5
109.5,108.3,111.29
111.29,109.5,108.25
108.25,110.15,107.05
107.05,108.25,101.95
101.95,107.4,99.9
99.9,101.7,99.8
99.8,99.51,100
100,99.99,103.95
103.95,99.98,108.78
108.78,104,109
109,108.15,106.35
106.35,108.9,100.44
100.44,106.35,107.89
107.89,100,111
111,108.3,118.97
118.97,111.5,121.9
121.9,118,121.4
121.4,121.65,120.74
120.74,121.42,122.5
122.5,122.22,129.3
129.3,122.29,128.81
128.81,129.3,128.8
128.8,129,132.25
132.25,128.8,129
129,132.3,129.77
129.77,129,133.5
133.5,129.75,131.99
131.99,133.48,133.1
133.1,131.98,126.3
126.3,133.2,123.8
123.8,126.7,122.89
122.89,123.89,122.02
122.02,122.88,122.5
122.5,122,123.21
123.21,121.99,123.5
123.5,123.5,118.21
118.21,123.02,114.22
114.22,118.76,111.4
111.4,114.22,117.98
117.98,111.5,114.82
114.82,117.98,115.64
115.64,115,117.7
117.7,115.24,112.8
112.8,117.2,113.2
113.2,112.67,109.6
109.6,113.57,112.25
112.25,111.5,115.98
115.98,112.3,112.9
112.9,115.91,98.1
98.1,112.5,106.25
106.25,97.75,116.38
116.38,105.21,139
139,116.99,144
144,139,134.44
134.44,144.54,135.3
135.3,134.21,
