day,open,high,low,close,volume,market_cap
20171030,17.71,17.71,16.92,17.17,"739,091","194,793,000"
20171029,17.26,18.28,17.23,17.7,"634,587","189,897,000"
20171028,17.57,17.72,17.23,17.27,"391,903","193,241,000"
20171027,17.93,18.02,17.22,17.54,"482,746","197,200,000"
20171026,17.97,18.29,17.59,17.9,"540,067","197,694,000"
20171025,17.74,18.1,17.13,17.94,"730,846","195,181,000"
20171024,16.12,18.48,15.98,17.66,"1,311,980","177,268,000"
20171023,16.84,16.92,16.06,16.29,"893,583","185,242,000"
20171022,16.86,17.17,16.38,16.85,"526,437","185,419,000"
20171021,17.45,17.57,16.26,16.84,"667,841","191,982,000"
20171020,18.12,18.39,17.36,17.56,"950,119","199,335,000"
20171019,18.36,18.64,17.92,18.15,"578,350","202,015,000"
20171018,18.72,18.73,17.7,18.34,"779,130","205,969,000"
20171017,19.08,19.12,18.63,18.7,"576,251","209,918,000"
20171016,18.72,19.23,18.48,19.09,"930,751","205,872,000"
20171015,19.07,19.14,17.98,18.66,"480,545","209,729,000"
20171014,18.39,18.95,18.26,18.95,"653,761","202,279,000"
20171013,18.25,18.93,17.95,18.38,"1,179,910","200,748,000"
20171012,18.62,19.1,18.17,18.23,"1,701,010","204,799,000"
20171011,18.82,18.92,18.55,18.61,"493,703","206,975,000"
20171010,17.8,19.21,17.5,18.77,"692,292","195,823,000"
20171009,19.11,19.22,17.72,17.81,"924,576","210,206,000"
20171008,20.1,20.11,19.11,19.12,"723,733","221,123,000"
20171007,19.66,20.59,19.66,20.13,"1,104,820","216,245,000"
20171006,19.01,19.61,18.52,19.61,"722,235","209,122,000"
20171005,19.01,19.27,18.61,19.02,"657,037","209,079,000"
20171004,19.47,19.56,18.88,18.99,"571,388","214,161,000"
20171003,19.37,19.49,18.99,19.44,"786,055","213,088,000"
20171002,20.66,20.69,19.18,19.37,"789,547","227,255,000"
20171001,21.22,21.34,20.16,20.66,"496,431","233,421,000"
20170930,20.72,21.64,20.51,21.19,"706,371","227,924,000"
20170929,22.2,22.46,20.14,20.64,"1,184,250","244,249,000"
20170928,20.96,22.76,20.73,22.23,"2,030,560","230,602,000"
20170927,18.79,21.21,18.68,20.98,"1,632,240","206,643,000"
20170926,18.8,18.96,18.49,18.82,"397,769","206,788,000"
20170925,17.81,18.95,17.76,18.81,"623,948","195,868,000"
20170924,18,18.48,17.83,17.84,"545,368","198,006,000"
20170923,16.98,18.09,16.72,18,"401,046","186,760,000"
20170922,17.12,17.6,16.39,17.01,"340,706","188,348,000"
20170921,18.41,18.48,16.26,17.13,"1,114,830","202,480,000"
20170920,18.48,18.84,18,18.5,"554,121","203,240,000"
20170919,19.05,19.19,17.9,18.46,"768,861","209,508,000"
20170918,17.61,19.12,17.61,19.02,"1,030,230","193,688,000"
20170917,17.62,17.82,15.77,17.64,"2,144,090","193,768,000"
20170916,18.33,18.89,16.77,17.67,"662,667","201,588,000"
20170915,15.91,18.71,13.73,18.31,"1,844,750","175,047,000"
20170914,20.56,20.89,15.74,15.76,"1,800,320","226,176,000"
20170913,21.17,23.87,20.08,20.59,"3,667,200","232,844,000"
20170912,20.95,21.9,20.67,21.23,"962,593","230,430,000"
20170911,21.59,21.85,20.46,20.92,"807,297","237,455,000"
20170910,22.2,22.23,20.19,21.55,"1,326,850","244,231,000"
20170909,22.3,22.57,21.79,22.28,"880,273","245,276,000"
20170908,23.79,24.97,21.28,22.26,"2,058,090","261,635,000"
20170907,23.65,24.02,22.97,23.79,"1,411,680","260,146,000"
20170906,22.9,24.15,22.82,23.79,"1,940,990","251,871,000"
20170905,21.88,23.29,20.61,22.94,"1,943,400","240,642,000"
20170904,24.94,24.94,20.76,21.81,"3,414,020","274,311,000"
20170903,24.3,26.4,23.6,24.91,"2,046,420","267,354,000"
20170902,28.49,29.04,23.57,24.24,"3,279,910","313,414,000"
20170901,26.24,28.59,26.24,28.59,"3,488,820","288,601,000"
20170831,25.1,26.63,24.86,26.36,"3,151,520","276,090,000"
20170830,25.06,25.5,23.76,25.15,"3,091,340","275,646,000"
20170829,26.39,26.96,23.15,25.08,"4,487,220","290,245,000"
20170828,28.07,28.11,23.29,26.15,"12,509,800","308,740,000"
20170827,29.72,30.85,27.76,27.98,"4,937,900","326,927,000"
20170826,25.43,31.04,25.01,29.5,"11,542,300","279,713,000"
20170825,23.02,27.59,22.98,25.37,"6,210,960","253,197,000"
20170824,22.08,23.08,21.9,23.03,"1,880,160","242,922,000"
20170823,21.24,23.45,21.04,22,"2,429,740","233,664,000"
20170822,22.04,22.27,19.82,21.28,"2,789,520","242,471,000"
20170821,20.46,23.12,20.34,21.96,"3,491,570","225,054,000"
20170820,19.57,21.3,19.29,20.55,"1,392,230","215,223,000"
20170819,19.15,19.7,18.42,19.66,"1,307,160","210,660,000"
20170818,20.1,20.54,18.81,19.13,"2,283,780","221,103,000"
20170817,21.41,21.95,20.09,20.13,"1,754,790","235,501,000"
20170816,21.1,21.39,20.31,21.39,"1,640,180","232,139,000"
20170815,19.92,23.04,19.51,21.02,"3,052,560","219,150,000"
20170814,20.68,20.88,19.46,19.96,"1,458,730","227,476,000"
20170813,22.63,22.74,20.62,20.65,"2,295,810","248,881,000"
20170812,22.37,24.06,21.52,22.65,"3,119,760","246,071,000"
20170811,22.66,22.76,22.02,22.44,"2,245,780","249,217,000"
20170810,22.73,24.65,22.62,22.72,"5,357,330","250,027,000"
20170809,21.23,23.31,21.18,22.71,"4,242,530","233,525,000"
20170808,18.86,21.42,18.73,21.19,"3,633,500","207,435,000"
20170807,18.91,19.25,18.39,18.96,"1,916,400","208,042,000"
20170806,19.14,19.43,18.53,18.97,"1,362,730","210,516,000"
20170805,17.39,19.4,17.33,19.08,"2,332,570","191,294,000"
20170804,17.35,17.72,17.31,17.34,"999,053","190,896,000"
20170803,17.64,17.88,17.05,17.37,"2,725,760","194,029,000"
20170802,18.09,18.52,17.44,17.7,"1,332,180","198,942,000"
20170801,16.72,18.2,16.68,18.11,"1,379,370","183,937,000"
20170731,17.26,17.42,16.33,16.83,"1,464,280","189,913,000"
20170730,17.53,18.23,17.2,17.2,"593,696","192,822,000"
20170729,17.17,17.62,16.63,17.62,"1,149,140","188,854,000"
20170728,18.19,18.3,17.03,17.19,"2,413,390","200,115,000"
20170727,18.22,18.48,18.01,18.17,"1,546,590","200,399,000"
20170726,17.97,18.4,17.5,18.15,"2,066,290","197,709,000"
20170725,21.61,21.78,17.86,18.03,"2,262,860","237,685,000"
20170724,20.98,21.69,20.81,21.69,"1,032,420","230,741,000"
20170723,21.47,22.02,20.49,21.05,"1,767,280","236,183,000"
20170722,20.24,21.62,19.68,21.49,"2,444,950","222,620,000"
20170721,19.65,20.68,19.18,20.18,"2,134,590","216,191,000"
20170720,16.92,19.92,16.92,19.53,"2,697,430","186,131,000"
20170719,19.55,19.82,16.77,16.9,"3,189,000","215,053,000"
20170718,18.2,20.2,17.31,19.51,"3,111,420","200,165,000"
20170717,16.01,18.35,16.01,18.14,"2,317,970","176,145,000"
20170716,18.32,18.44,14.21,16.04,"3,443,290","201,522,000"
20170715,19.39,19.94,18.34,18.34,"2,624,840","213,341,000"
20170714,20.46,21.1,18.75,19.46,"3,419,960","225,099,000"
20170713,21.2,23.21,20.22,20.5,"5,380,170","233,161,000"
20170712,16.47,21.23,16.27,21.08,"4,061,640","181,196,000"
20170711,16.58,18.15,14.77,16.48,"5,423,900","182,345,000"
20170710,22.29,22.44,15.79,16.77,"7,106,180","245,229,000"
20170709,23.5,25.24,22.28,22.28,"2,982,550","258,527,000"
20170708,23.1,24.26,21.2,23.45,"6,582,240","254,068,000"
20170707,27.72,28.48,22.09,23.06,"6,058,040","304,920,000"
20170706,26.9,27.63,26.7,27.5,"1,421,290","295,916,000"
20170705,27.45,27.46,26.25,26.88,"1,528,700","301,908,000"
20170704,28.67,28.99,27.15,27.55,"3,108,570","315,386,000"
20170703,26.16,29.29,25.68,28.77,"3,095,940","287,711,000"
20170702,24.74,26.39,23.86,26.23,"2,190,010","272,125,000"
20170701,28.16,28.52,24.39,24.75,"2,685,960","309,725,000"
20170630,26.84,30.46,26.39,28.1,"5,802,360","295,294,000"
20170629,28.09,28.63,26.58,26.74,"2,523,550","309,010,000"
20170628,25.87,28.3,25.12,28.08,"3,195,240","284,531,000"
20170627,25.16,25.6,21.46,25.6,"3,498,930","276,808,000"
20170626,27.97,28.39,21.66,25.16,"5,080,110","307,660,000"
20170625,29.23,31.29,26.69,27.99,"3,650,130","321,495,000"
20170624,31.25,31.74,28.82,29.42,"2,494,470","343,764,000"
20170623,30.13,33.52,29.68,31.26,"5,321,540","331,380,000"
20170622,28.99,31.4,28.5,30.11,"3,704,940","318,911,000"
20170621,30.08,30.64,28.14,28.97,"3,706,710","330,868,000"
20170620,32.78,33.35,29.94,30.13,"4,936,620","360,548,000"
20170619,30.02,32.94,29.94,32.78,"4,385,850","330,264,000"
20170618,31.12,31.69,29.59,30.02,"2,721,270","342,291,000"
20170617,28.72,31.21,28.61,31.09,"3,351,620","315,895,000"
20170616,28.08,30.05,27.37,28.76,"4,101,540","308,894,000"
20170615,30.65,31.47,24.43,28.15,"6,592,890","337,137,000"
20170614,33.08,37.2,29.21,30.58,"5,341,830","363,877,000"
20170613,31.48,33.81,31.19,33.02,"4,655,540","346,312,000"
20170612,33.72,34.87,27.84,31.46,"6,312,970","370,938,000"
20170611,33.66,35.02,32.44,33.78,"4,817,660","370,315,000"
20170610,34.5,34.62,32.24,33.75,"6,795,880","379,448,000"
20170609,35.73,36.28,33.67,34.18,"4,278,080","392,987,000"
20170608,34.38,36.66,32.81,35.54,"4,309,520","378,138,000"
20170607,33.67,38.93,32.44,34.17,"12,084,200","370,421,000"
20170606,28.66,33.8,28.15,33.41,"6,283,340","315,289,000"
20170605,29.12,31.85,28.26,28.8,"8,252,820","320,343,000"
20170604,26.18,28.97,26,28.96,"4,559,000","288,020,000"
20170603,24.87,26.25,24.78,26.22,"4,635,790","273,579,000"
20170602,23.61,26.31,23.26,24.79,"4,688,710","259,666,000"
20170601,21.97,25.06,21.93,23.86,"4,479,050","241,717,000"
20170531,20.28,22.76,20.18,21.84,"3,648,110","223,030,000"
20170530,21.12,24.04,20.31,20.31,"4,205,910","232,364,000"
20170529,20.47,21.97,20.06,21.11,"4,715,440","225,164,000"
20170528,20.42,23.71,19.52,20.33,"6,728,600","224,583,000"
20170527,22.04,22.35,16.1,20.31,"5,196,210","242,443,000"
20170526,23.65,27.96,21.11,22.01,"4,050,870","260,132,000"
20170525,27.05,31.73,22.9,23.54,"9,025,780","297,516,000"
20170524,29.13,32.2,26.42,27.17,"11,059,100","320,480,000"
20170523,19.69,32.32,19.69,29.05,"25,666,500","216,603,000"
20170522,17.36,21.7,17.12,19.8,"6,351,000","190,919,000"
20170521,17.51,18.4,17.01,17.36,"3,278,600","192,653,000"
20170520,16.95,18.19,16.51,17.55,"2,617,600","186,479,000"
20170519,15.9,16.97,15.53,16.97,"3,078,290","174,919,000"
20170518,15.44,16.76,15.28,15.94,"1,781,730","169,798,000"
20170517,14.23,15.51,13.34,15.43,"2,239,180","156,524,000"
20170516,15.99,16.1,14.24,14.24,"2,321,290","175,932,000"
20170515,17.03,17.13,15.93,15.96,"1,240,320","187,300,000"
20170514,16.22,17.19,16.16,17,"874,532","178,398,000"
20170513,16.69,16.95,15.75,16.18,"1,309,960","183,621,000"
20170512,17.62,18.07,16.38,16.73,"1,707,730","193,789,000"
20170511,16.99,18.46,16.87,17.66,"3,103,420","186,856,000"
20170510,16.78,17.03,15.47,16.97,"2,365,580","184,582,000"
20170509,17.4,17.44,15.39,16.83,"3,846,460","191,388,000"
20170508,17.18,17.69,16.49,17.39,"3,917,640","188,987,000"
20170507,17.65,18.52,17.2,17.25,"3,649,990","194,157,000"
20170506,17.2,17.86,16.97,17.65,"2,035,500","189,163,000"
20170505,17.37,18.98,16.78,17.14,"4,107,070","191,050,000"
20170504,16.66,17.96,16.58,17.37,"4,134,100","183,249,000"
20170503,16.47,16.97,15.69,16.65,"4,014,970","181,139,000"
20170502,15.98,17.78,15.52,16.49,"3,487,100","175,808,000"
20170501,16.92,19.01,15.76,15.97,"8,058,160","186,107,000"
20170430,16.93,17.13,16.02,16.78,"4,509,700","186,280,000"
20170429,14.39,16.92,14.31,16.86,"3,735,860","158,270,000"
20170428,13.82,15.47,13.09,14.43,"3,362,230","152,060,000"
20170427,12.7,13.95,12.64,13.85,"2,369,970","139,741,000"
20170426,13.41,13.58,12.64,12.69,"2,371,140","147,497,000"
20170425,13.8,15.24,13.13,13.39,"3,633,120","151,760,000"
20170424,11.7,16.39,11.65,13.83,"7,030,540","128,705,000"
20170423,12.11,12.26,11.34,11.68,"1,410,770","133,209,000"
20170422,11.07,12.48,10.98,12.09,"1,260,710","121,792,000"
20170421,11.34,11.5,10.96,11.11,"881,968","124,750,000"
20170420,11.94,12.44,11.06,11.34,"1,059,140","131,360,000"
20170419,12.51,12.62,11.97,11.97,"914,477","137,647,000"
20170418,11.73,12.69,11.71,12.51,"628,901","129,073,000"
20170417,11.94,12.47,11.51,11.82,"1,669,100","131,309,000"
20170416,11.3,12.85,11.13,11.93,"1,621,120","124,313,000"
20170415,10.79,11.37,10.68,11.34,"935,138","118,656,000"
20170414,10.61,10.82,10.22,10.82,"1,100,920","116,741,000"
20170413,10.59,11.06,10.55,10.58,"650,307","116,507,000"
20170412,10.07,10.57,9.91,10.57,"602,269","110,802,000"
20170411,10.13,10.6,10.06,10.07,"490,393","111,400,000"
20170410,10.03,10.12,9.76,10.12,"492,711","110,282,000"
20170409,9.94,10.57,9.91,10.03,"658,434","109,342,000"
20170408,9.54,10.12,9.49,9.96,"503,616","104,899,000"
20170407,10.4,10.48,9.54,9.55,"566,367","114,426,000"
20170406,10.41,10.96,9.32,10.42,"1,446,370","114,524,000"
20170405,11.03,11.1,10.25,10.41,"976,258","121,382,000"
20170404,10.93,11.13,10.25,11.08,"1,433,810","120,251,000"
20170403,11.6,12.16,10.22,11.05,"1,912,630","127,547,000"
20170402,12.58,12.83,11.1,11.6,"2,509,100","138,362,000"
20170401,11.61,13.54,11.6,12.61,"2,141,410","127,658,000"
20170331,9.93,13.63,9.9,11.84,"5,266,820","109,176,000"
20170330,9.27,10.05,9.21,9.93,"1,274,060","101,940,000"
20170329,9.13,9.53,8.9,9.29,"794,146","100,474,000"
20170328,9.09,9.3,8.67,9.14,"503,268","99,960,100"
20170327,8.77,9.22,8.74,9.04,"584,475","96,499,300"
20170326,8.83,8.97,8.32,8.73,"1,110,610","97,127,400"
20170325,8.95,9.28,8.29,8.88,"1,586,840","98,418,500"
20170324,9.33,9.63,8.63,9.03,"1,799,520","102,613,000"
20170323,9.07,9.35,8.18,9.33,"1,176,020","99,821,700"
20170322,8.31,9.45,7.86,9.18,"1,167,340","91,413,000"
20170321,8.33,8.89,8.2,8.29,"856,129","91,627,700"
20170320,8.44,8.83,7.97,8.31,"1,111,630","92,849,700"
20170319,6.86,8.79,6.86,8.43,"1,571,220","75,431,800"
20170318,8.03,8.24,6.76,6.9,"1,466,830","88,360,200"
20170317,9.58,9.84,7.8,8.08,"3,309,910","105,406,000"
20170316,10.11,10.49,8.59,9.6,"4,754,740","111,246,000"
20170315,8.35,10,7.97,10,"1,723,790","91,848,100"
20170314,7.74,8.55,7.54,8.37,"1,309,670","85,096,200"
20170313,7.34,8.51,7.26,7.75,"2,331,790","80,740,000"
20170312,6.02,7.32,6.01,7.32,"953,843","66,170,400"
20170311,5.95,6.19,5.72,6.02,"561,870","65,468,200"
20170310,5.46,5.98,5.09,5.98,"622,053","60,049,300"
20170309,5.3,5.56,5.21,5.47,"213,755","58,300,900"
20170308,5.73,5.79,5.3,5.3,"137,622","63,082,800"
20170307,5.99,6,5.7,5.76,"227,350","65,878,200"
20170306,6.14,6.17,5.8,5.97,"252,442","67,518,300"
20170305,5.53,6.16,5.4,6.11,"391,595","60,853,000"
20170304,5.72,6.13,5.54,5.57,"182,986","62,951,500"
20170303,5.79,6.02,5.28,5.74,"291,826","63,735,900"
20170302,5.05,6.45,5.01,5.78,"1,447,440","55,504,000"
20170301,4.54,5.11,4.47,5.11,"497,785","49,936,500"
20170228,4.81,4.86,4.43,4.54,"277,464","52,962,500"
20170227,4.92,4.94,4.75,4.8,"113,106","54,077,500"
20170226,4.76,4.95,4.72,4.91,"114,914","52,367,000"
20170225,4.71,4.94,4.7,4.74,"121,758","51,821,800"
20170224,4.91,4.94,4.44,4.72,"390,417","53,965,000"
20170223,4.73,4.99,4.69,4.87,"99,599","52,004,200"
20170222,4.63,4.78,4.55,4.73,"171,787","50,981,300"
20170221,5.03,5.09,4.63,4.64,"363,361","55,318,100"
20170220,5.2,5.2,5.03,5.05,"167,989","57,148,100"
20170219,5.07,5.21,5.07,5.19,"124,221","55,728,700"
20170218,4.93,5.06,4.92,5.06,"80,608","54,251,100"
20170217,4.94,5.13,4.91,4.92,"144,989","54,372,800"
20170216,4.85,5.13,4.84,4.95,"219,938","53,349,100"
20170215,4.77,4.91,4.68,4.85,"282,551","52,427,600"
20170214,4.32,5.18,4.32,4.76,"518,341","47,500,300"
20170213,4.52,4.7,4.28,4.31,"210,008","49,668,400"
20170212,4.32,4.52,4.29,4.47,"82,761","47,567,400"
20170211,4.2,4.45,4.17,4.31,"91,268","46,215,100"
20170210,4.34,4.35,4.11,4.2,"169,611","47,782,200"
20170209,4.58,4.86,4.21,4.33,"300,312","50,385,200"
20170208,4.31,4.61,4.24,4.58,"332,664","47,400,500"
20170207,4.25,4.37,4.18,4.31,"150,490","46,714,100"
20170206,4.15,4.29,4.09,4.24,"190,404","45,650,000"
20170205,4.23,4.29,4.14,4.15,"72,615","46,507,000"
20170204,4.15,4.31,4.09,4.22,"175,939","45,664,600"
20170203,4.09,4.31,4,4.1,"276,453","44,990,700"
20170202,4.21,4.3,4.05,4.11,"136,148","46,364,600"
20170201,4.29,4.32,4.09,4.21,"164,978","47,226,300"
20170131,4.2,4.3,4.11,4.29,"96,346","46,196,100"
20170130,4.32,4.35,4.19,4.22,"68,844","47,543,900"
20170129,4.26,4.34,4.2,4.34,"113,178","46,842,600"
20170128,4.32,4.37,4,4.26,"255,334","47,518,700"
20170127,4.12,4.45,4.04,4.32,"228,350","45,329,800"
20170126,4.29,4.47,4.14,4.14,"259,692","47,174,800"
20170125,4.33,4.43,4.28,4.33,"116,659","47,637,800"
20170124,4.56,4.61,4.2,4.33,"241,846","50,152,300"
20170123,4.66,4.71,4.52,4.59,"127,108","51,253,400"
20170122,4.59,4.69,4.46,4.66,"148,974","50,452,900"
20170121,4.43,4.66,4.4,4.56,"109,464","48,708,900"
20170120,4.49,4.54,4.41,4.43,"111,644","49,400,500"
20170119,4.42,4.56,4.34,4.49,"90,338","48,626,200"
20170118,4.34,4.43,4.08,4.4,"177,271","47,721,700"
20170117,4.02,4.42,4.01,4.34,"156,941","44,203,200"
20170116,4.11,4.21,3.99,4,"81,000","45,224,400"
20170115,4.27,4.32,4.05,4.12,"90,878","47,000,200"
20170114,4.31,4.43,4.21,4.29,"220,127","47,429,700"
20170113,4.06,4.33,4.05,4.32,"120,206","44,684,000"
20170112,3.78,4.11,3.61,4.1,"93,900","41,548,600"
20170111,4.17,4.27,3.63,3.78,"205,051","45,826,100"
20170110,4.22,4.35,4.15,4.21,"154,430","46,474,600"
20170109,4.62,4.68,4.12,4.22,"298,534","50,844,100"
20170108,4.69,4.82,4.39,4.56,"182,558","51,572,700"
20170107,5.13,5.24,4.3,4.69,"336,699","56,481,600"
20170106,5.06,5.38,4.44,5.11,"567,851","55,685,000"
20170105,4.92,5.78,4.14,5.1,"834,470","54,089,100"
20170104,4.29,5.03,4.27,4.94,"411,248","47,206,200"
20170103,4.17,4.57,3.94,4.27,"437,238","45,843,100"
20170102,3.99,4.21,3.86,4.19,"266,753","43,852,100"
20170101,3.75,4.01,3.65,4,"230,517","41,266,900"
20161231,3.68,4.13,3.65,3.77,"206,882","40,521,600"
20161230,3.49,3.9,3.34,3.69,"244,089","38,412,100"
20161229,3.25,3.78,3.22,3.5,"258,671","35,719,400"
20161228,3.46,3.78,3.19,3.25,"409,937","38,060,800"
20161227,3.3,3.52,3.27,3.47,"247,769","36,302,900"
20161226,2.76,3.43,2.75,3.3,"225,805","30,405,900"
20161225,2.77,3.14,2.66,2.76,"210,210","30,454,900"
20161224,2.54,2.88,2.51,2.77,"112,675","27,937,400"
20161223,2.76,2.9,2.48,2.54,"350,671","30,355,800"
20161222,2.88,2.95,2.66,2.75,"242,067","31,674,700"
20161221,2.81,2.93,2.72,2.88,"208,222","30,863,400"
20161220,2.95,3.04,2.87,2.9,"97,304","32,425,000"
20161219,3.09,3.12,2.95,2.95,"72,204","34,018,600"
20161218,2.8,3.13,2.79,3.1,"178,476","30,783,700"
20161217,2.93,2.93,2.77,2.8,"135,501","32,237,200"
20161216,2.96,2.98,2.87,2.93,"136,916","32,564,600"
20161215,3.12,3.13,2.95,2.96,"52,682","34,370,700"
20161214,3.09,3.15,3.08,3.12,"37,149","34,031,700"
20161213,3.16,3.18,3.01,3.1,"65,076","34,718,000"
20161212,3.19,3.23,3.04,3.16,"66,193","35,048,500"
20161211,3.06,3.24,3.06,3.19,"66,433","33,616,300"
20161210,3.24,3.43,2.92,3.08,"379,640","35,608,500"
20161209,3.21,3.5,3.15,3.36,"205,857","35,356,100"
20161208,3.22,3.49,3.19,3.22,"169,892","35,421,000"
20161207,3.03,3.46,2.81,3.22,"365,404","33,359,900"
20161206,2.81,3.08,2.03,3.04,"1,504,100","30,951,200"
20161205,3.32,3.32,2.78,2.8,"158,124","36,474,000"
20161204,3.46,3.47,3.26,3.32,"36,292","38,074,100"
20161203,3.34,3.48,3.2,3.47,"78,469","36,688,400"
20161202,3.58,3.59,3.23,3.33,"209,470","39,419,600"
20161201,3.67,3.69,3.51,3.6,"148,843","40,407,900"
20161130,3.63,3.72,3.62,3.69,"120,388","39,962,500"
20161129,3.7,3.82,3.62,3.63,"179,441","40,667,300"
20161128,4.31,4.32,3.59,3.7,"461,672","47,403,600"
20161127,4.16,4.51,4.06,4.31,"58,510","45,728,300"
20161126,4.18,4.36,4.05,4.16,"133,827","46,032,300"
20161125,4.24,4.28,4.09,4.22,"85,457","46,669,500"
20161124,4.37,4.43,4.12,4.22,"166,250","48,110,800"
20161123,4.52,4.52,4.32,4.37,"93,339","49,709,100"
20161122,4.68,4.7,4.34,4.52,"176,003","51,484,900"
20161121,4.52,4.68,4.36,4.68,"128,983","49,716,700"
20161120,4.6,4.73,4.29,4.53,"295,331","50,603,400"
20161119,4.19,4.74,4.14,4.63,"3,192,770","46,095,400"
20161118,4.48,4.51,4.03,4.13,"523,043","49,275,900"
20161117,4.55,4.59,4.42,4.48,"290,490","50,086,500"
20161116,4.59,4.64,4.49,4.55,"223,103","50,489,200"
20161115,4.36,4.6,4.36,4.6,"242,285","47,907,900"
20161114,4.66,4.7,4.35,4.36,"119,725","51,288,700"
20161113,4.88,5.01,4.65,4.66,"129,047","53,640,100"
20161112,4.85,5.07,4.75,4.88,"263,426","53,297,100"
20161111,4.92,5.08,4.69,4.85,"268,521","54,109,300"
20161110,4.46,5,4.38,4.91,"450,393","49,061,400"
20161109,4.73,4.79,4.14,4.46,"925,290","51,975,100"
20161108,4.86,4.86,4.69,4.73,"218,784","53,443,900"
20161107,4.95,5.18,4.63,4.86,"562,070","54,497,600"
20161106,5.39,5.42,4.92,4.96,"490,816","59,237,300"
20161105,4.38,5.78,4.37,5.39,"713,930","48,130,300"
20161104,4.5,4.62,4.31,4.38,"563,631","49,482,300"
20161103,4.41,4.5,4.31,4.5,"463,674","48,460,600"
20161102,4,4.54,3.96,4.4,"373,719","43,977,100"
20161101,4.45,4.45,3.59,4.05,"957,072","49,002,000"
20161031,4.63,4.65,4.32,4.45,"306,438","50,949,600"
20161030,4.16,4.7,4.12,4.65,"346,497","45,800,700"
20161029,4.43,4.7,3.82,4.11,"751,009","48,682,400"
20161028,5.01,5.02,4.43,4.43,"415,732","55,134,700"
20161027,5.1,5.3,4.95,5.01,"544,258","56,128,200"
20161026,4.83,5.32,4.72,5.1,"734,443","53,162,800"
20161025,5.13,5.17,4.55,4.8,"542,001","56,396,800"
20161024,5.28,5.33,5.12,5.13,"229,791","58,084,100"
20161023,5.32,5.46,5.23,5.29,"143,175","58,536,200"
20161022,5.44,5.44,5.17,5.33,"348,124","59,801,900"
20161021,5.13,5.51,5.1,5.41,"353,304","56,375,000"
20161020,5.24,5.27,5.06,5.11,"237,343","57,679,200"
20161019,5.45,5.52,5.17,5.24,"371,488","59,970,100"
20161018,5.04,5.75,5,5.45,"1,201,840","55,487,400"
20161017,5.72,5.72,5.04,5.04,"1,065,750","62,895,000"
20161016,5.8,5.8,5.69,5.7,"262,490","63,772,700"
20161015,5.77,5.84,5.61,5.79,"595,304","63,481,300"
20161014,6.14,6.14,5.59,5.78,"1,119,820","67,574,500"
20161013,5.91,6.5,5.78,6.14,"1,464,160","65,057,900"
20161012,5.76,6,5.49,5.9,"1,257,480","63,391,500"
20161011,6.64,6.73,5.73,5.75,"2,559,300","73,011,000"
20161010,7.08,7.41,6.55,6.59,"2,121,650","77,912,100"
20161009,6.85,7.5,6.46,7.06,"2,654,660","75,343,700"
20161008,6.71,7.24,6.07,6.86,"2,552,960","73,760,700"
20161007,7.34,8.01,6.5,6.71,"3,666,620","80,687,300"
20161006,9,9.09,6.26,7.31,"9,462,610","99,024,700"
20161005,14.34,14.35,8.05,9,"12,065,200",
20161004,18.36,18.36,8.05,14.34,"36,267",
20161003,13.43,18.36,13.16,18.36,"70,973",
20161002,12.28,13.44,12.23,13.43,"1,409",
20161001,12.19,12.3,12.19,12.28,593,
20160930,11.27,12.73,11.24,12.19,"1,706",
20160929,10.28,13.46,10.28,11.26,"1,732",
20160928,10.67,10.68,10.28,10.28,0,
20160927,10.59,12.14,10.59,10.67,"2,558",
20160926,11.72,11.72,10.56,10.59,561,
20160925,10.37,11.77,10.37,11.72,1,
20160924,11.94,11.97,10.36,10.36,"1,058",
20160923,11.63,11.94,11.62,11.94,603,
20160922,10.27,11.67,10.27,11.63,"3,488",
20160921,10.29,10.3,10.25,10.27,120,
20160920,12.12,12.13,12.1,12.12,55,
20160919,9.95,12.14,9.92,12.12,55,
20160918,9.82,9.89,9.82,9.88,244,
20160917,10.93,10.94,9.82,9.82,439,
20160916,12.14,12.68,10.92,10.93,765,
20160915,9.89,12.22,9.87,12.15,185,
20160914,11.33,11.38,9.89,9.89,531,
20160913,11.68,11.71,11.3,11.33,893,
20160912,9.71,11.67,9.69,11.67,"6,478",
20160911,9.98,11.65,9.61,9.71,198,
20160910,9.97,10,9.96,9.98,220,
20160909,4.95,9.98,4.9,9.97,772,
20160908,10.57,10.77,4.93,4.95,"2,026",
20160907,11.9,11.91,10.47,10.57,"1,849",
20160906,10.31,11.9,1.03,11.9,"5,135",
20160905,10.35,10.35,10.24,10.31,933,
20160904,6.58,11.5,0.782968,10.34,105,
20160903,9.21,9.21,6.47,6.58,802,
20160902,9.16,9.21,8.58,9.21,709,
20160901,9.21,9.22,9.15,9.16,263,
20160831,9.82,10.93,9.18,9.21,517,
20160830,11.48,11.49,9.81,9.82,"1,123",
20160829,9.76,11.52,9.76,11.48,1,
20160828,12.36,12.45,9.73,9.76,224,
20160827,12.57,12.58,10.99,12.36,403,
20160826,10.63,12.59,10.61,12.57,"1,819",
20160825,10.62,11.53,10.53,10.63,"1,283",
20160824,10.15,12.22,10.14,10.62,"4,246",
20160823,9.68,12.96,9.68,10.15,"1,426",
20160822,14.11,14.12,9.68,9.68,"4,270",
20160514,6.6,6.61,6.58,6.59,"3,313",
20160513,6.69,6.74,5.28,6.6,"3,315",
20160512,5.93,6.69,5.02,6.68,"4,455",
20160511,7.17,7.18,4.53,5.93,"6,198",
20160510,6.37,9.23,2.76,7.17,"7,262",
20160509,5.96,6.4,5.93,6.37,"3,185",
20160508,6.62,6.63,5.94,5.96,"6,475",
20160507,5.74,6.89,5.73,6.62,"8,401",
20160506,6.94,6.99,5.74,5.74,"4,975",
20160505,6.48,6.98,5.53,6.94,"4,371",
20160504,5.81,6.86,5.76,6.49,"8,935",
20160503,7.04,7.04,5.55,5.81,"5,380",
20160502,6.45,7.11,5.22,7.03,"6,882",
20160501,5.25,7,5.24,6.45,"8,050",
20160430,5.07,7.03,4.77,5.24,"3,815",
20160429,6.94,7.33,4.62,5.07,"5,571",
20160428,5.03,7.43,4.93,6.94,"5,158",
20160427,6.92,6.93,4.65,5.02,"4,800",
20160426,7.39,7.4,4.26,6.92,"4,763",
20160425,7.48,7.72,4.24,7.38,"11,460",
20160424,7.52,8.41,6.33,7.48,"7,498",
20160423,7.21,7.52,6.45,7.52,"6,765",
20160422,8.28,8.34,6.44,7.21,"5,405",
20160421,7.95,8.32,6.24,8.28,"4,260",
20160420,8.16,8.98,7.94,7.95,"5,595",
20160419,8.15,9.01,7.82,8.16,"20,129",
20160418,6.84,8.58,6.84,8.14,"8,141",
20160417,7.19,7.96,5.63,6.84,"10,380",
20160416,7.91,8,5.83,7.19,"11,407",
20160415,6.92,8.56,6.92,7.91,"1,643",
20160414,7.15,7.23,6.73,6.92,"4,024",
20160413,6.84,7.25,5.64,7.14,"2,959",
20160412,7.87,8.08,5.99,6.84,"13,931",
20160411,7.68,8.8,6.52,7.87,"19,203",
20160410,8.07,8.87,6.33,7.67,"9,347",
20160409,8.42,9.23,8.05,8.06,"6,091",
20160408,9.09,9.56,8.4,8.41,"17,254",
20160407,9.4,9.55,8.47,9.09,"78,918",
20160406,9.48,9.49,8.91,9.39,"66,404",
20160405,9.03,9.56,8.47,9.48,"31,211",
20160404,9.46,9.53,8.17,9.27,"35,980",
20160403,9.52,9.52,9.33,9.45,"25,517",
20160402,9.51,9.6,7.67,9.51,"16,642",
20160401,9.96,10.34,7.59,9.5,"16,541",
20160331,10.75,11.69,8.39,9.96,"11,651",
20160330,9.4,11.62,9.37,10.74,"2,913",
20160329,11.4,12.47,9.38,9.39,"15,626",
20160328,11.09,11.85,11.09,11.4,"56,555",
20160327,10.65,11.73,10.57,11.1,"29,161",
20160326,11.52,11.7,9.58,10.65,"60,487",
20160325,11.63,11.68,11.1,11.51,"36,710",
20160324,12.13,12.14,11.31,11.63,"17,800",
20160323,13.51,13.51,10.11,12.12,"14,210",
20160322,11.6,13.79,10.06,13.51,"46,246",
20160321,12.77,12.77,9.5,11.6,"47,335",
20160320,14.36,14.44,11.52,12.79,"3,102",
20160319,12.52,14.77,12.51,14.37,"1,721",
20160318,12.66,16.38,12.43,12.53,"8,312",
20160317,15.06,16.49,10.92,12.66,"31,184",
20160316,12.92,16.35,11.77,15.03,"127,764",
20160315,10.3,12.93,10.01,12.92,"48,919",
20160314,10.17,10.39,8.7,10.31,"20,413",
20160313,10.29,10.36,8.57,10.17,"5,436",
20160312,9.3,10.31,8.36,10.29,"65,512",
20160311,9.16,9.31,8.34,9.3,"29,441",
20160310,8.17,9.17,7.73,9.16,"43,686",
20160309,8.28,8.51,7,8.17,"22,374",
20160308,8.5,8.52,7.56,8.28,"25,264",
20160307,8.19,8.53,7.04,8.49,"19,487",
20160306,7.21,8.28,7.13,8.19,"18,326",
20160305,7.89,8.07,7.15,7.21,"28,457",
20160304,8.01,8.14,7.21,7.89,"20,310",
20160303,7.21,8.03,6.04,8.01,"57,120",
20160302,5.18,7.32,5.16,7.21,"30,134",
20160301,5.16,5.22,4.97,5.18,"13,615",
20160229,5.08,5.17,4.59,5.17,"5,832",
20160228,4.39,4.43,4.31,4.41,9,
20160227,4.89,4.99,4.38,4.39,"3,924",
20160226,4.63,4.96,4.19,4.88,"3,908",
20160225,4.8,4.92,4.21,4.63,"14,119",
20160224,4.25,4.81,3.59,4.8,"11,470",
20160223,4.38,4.42,4.23,4.25,"3,159",
20160222,4.25,4.38,3.28,4.38,"3,574",
20160221,4.33,4.45,3.95,4.25,"5,238",
20160220,4.19,4.41,4.05,4.33,"4,382",
20160219,4.1,4.27,3.88,4.18,"4,840",
20160218,4.17,4.37,3.82,4.1,"2,746",
20160217,3.87,4.25,3.86,4.16,"6,218",
20160216,3.77,4.06,3.77,3.87,"4,135",
20160215,3.46,4,3.46,3.76,"16,200",
20160214,3.76,3.84,3.33,3.46,"1,873",
20160213,3.54,3.76,3.26,3.76,"4,840",
20160212,3.19,3.79,3.02,3.54,"10,572",
20160211,7.09,7.09,3.03,3.19,"2,122",
20160210,2.78,2.81,2.78,2.81,"1,552",
20160209,2.78,2.83,2.78,2.81,781,
20160208,2.8,2.84,2.78,2.78,"2,112",
20160207,2.8,2.83,2.79,2.8,404,
20160206,2.88,2.88,2.77,2.8,"1,050",
20160205,2.49,2.89,2.45,2.88,"1,048",
20160204,2.48,2.67,2.32,2.49,920,
20160203,2.25,2.6,1.68,2.48,"2,326",
20160202,2.37,2.59,2.17,2.25,943,
20160201,2.14,2.65,1.73,2.37,"2,033",
20160131,2.38,2.42,1.79,2.14,479,
20160130,2.58,2.81,2.22,2.38,"1,735",
20160129,2.66,2.66,2.29,2.58,"2,189",
20160128,2.85,2.85,2.4,2.66,"1,184",
20160127,2.35,2.85,2.25,2.84,"4,223",
20160126,2.16,2.4,2.15,2.35,"1,891",
20160125,2.26,2.29,2.14,2.15,220,
20160124,2.3,2.39,2.26,2.26,93,
20160122,2.42,2.42,2.29,2.32,24,
20160121,2.48,2.49,2.4,2.42,302,
20160120,2.16,2.51,2.15,2.48,"1,380",
20160119,2.09,2.2,2.07,2.17,809,
20160118,2.02,2.09,1.99,2.06,460,
20160117,2.05,2.07,2.01,2.02,67,
20160116,1.93,2.07,1.88,2.05,700,
20160115,2.18,2.18,1.93,1.93,691,
20160114,2.29,2.3,2.27,2.29,46,
20160113,2.3,2.31,2.25,2.29,310,
20160112,2.31,2.37,2.05,2.31,337,
20160111,2.29,2.31,2.27,2.31,89,
20160110,2.17,2.29,2.15,2.29,244,
20160109,2.4,2.41,2.16,2.17,879,
20160108,1.97,2.4,1.95,2.4,288,
20160107,2.04,2.26,1.96,1.97,925,
20160106,2.01,2.12,1.95,2.03,390,
20160105,2.38,2.46,2.01,2.01,731,
20160104,2.06,2.39,2.06,2.38,449,
20160103,2.21,2.21,2.04,2.06,366,
20160102,2.17,2.22,1.73,2.21,149,
20160101,2.18,2.21,2.03,2.17,"1,364",
20151231,2.09,2.19,2.08,2.18,117,
20151230,1.98,2.15,1.92,2.09,216,
20151229,2.35,2.36,1.96,1.97,299,
20151228,2.09,2.42,2.07,2.35,281,
20151227,2.37,2.37,2.32,2.34,147,
20151226,2.52,2.59,2.3,2.37,148,
20151225,2.23,2.52,2.23,2.52,686,
20151224,2.1,2.3,2.04,2.23,441,
20151223,1.99,2.18,1.75,2.1,860,
20151222,2.04,2.53,1.99,1.99,372,
20151221,2.06,2.49,1.99,2.05,361,
20151220,2.39,2.63,2.02,2.06,514,
20151219,2.34,2.6,2.34,2.39,"1,882",
20151218,2.19,2.23,2.18,2.2,113,
20151217,2.3,2.3,2.17,2.19,113,
20151216,2.29,2.32,2.19,2.3,236,
20151215,2.13,2.29,2.13,2.29,259,
20151214,2.17,2.24,2.15,2.23,2,
20151213,2.11,2.21,2.07,2.17,2,
20151212,2.18,2.25,1.98,2.11,512,
20151211,1.89,2.17,1.89,2.17,208,
20151210,1.67,2.1,1.67,1.89,580,
20151209,1.87,2,1.67,1.67,129,
20151208,1.66,1.88,1.64,1.88,155,
20151207,1.83,1.88,1.64,1.66,36,
20151206,1.84,1.9,1.82,1.83,548,
20151205,1.63,1.84,1.63,1.84,612,
20151204,1.56,1.63,1.55,1.63,230,
20151203,1.55,1.63,1.54,1.56,187,
20151202,1.56,1.61,1.46,1.54,86,
20151201,1.51,1.67,1.51,1.57,445,
20151130,1.78,1.86,1.48,1.51,510,
20151129,1.74,1.79,1.72,1.78,371,
20151128,1.71,1.76,1.68,1.74,510,
20151127,1.66,1.77,1.66,1.72,165,
20151126,1.59,1.76,1.58,1.67,170,
20151125,1.53,1.59,1.53,1.59,83,
20151124,1.53,1.53,1.51,1.51,20,
20151123,1.59,1.59,1.52,1.53,298,
20151122,1.6,1.6,1.54,1.59,185,
20151121,1.58,1.61,1.56,1.6,84,
20151120,1.59,1.6,1.5,1.58,207,
20151119,1.64,1.64,1.59,1.59,67,
20151118,1.64,1.65,1.62,1.64,44,
20151117,1.62,1.65,1.6,1.64,700,
20151116,1.56,1.62,1.5,1.62,478,
20151115,1.6,1.61,1.5,1.56,60,
20151114,1.61,1.64,1.53,1.6,518,
20151113,1.62,1.66,1.57,1.61,820,
20151112,1.66,1.77,1.49,1.62,"2,958",
20151111,1.75,1.76,1.46,1.65,"6,071",
20151110,1.94,1.97,1.65,1.74,"2,087",
20151109,1.93,1.98,1.82,1.94,"4,313",
20151108,1.98,2.01,1.9,1.92,"1,092",
20151107,1.95,2.01,1.94,1.99,753,
20151106,1.97,1.97,1.83,1.83,73,
20151105,2.07,2.27,1.9,1.96,855,
20151104,2.08,2.55,1.93,2.09,"9,166",
20151103,1.84,2.16,1.82,2.08,"6,808",
20151102,1.68,1.89,1.64,1.84,"4,418",
20151101,1.58,1.69,1.56,1.68,"3,332",
20151031,1.7,1.72,1.55,1.57,"3,770",
20151030,1.62,1.72,1.59,1.69,"5,655",
20151029,1.55,1.62,1.52,1.62,"4,211",
20151028,1.47,1.56,1.47,1.52,"4,283",
20151027,1.47,1.48,1.46,1.47,728,
